analysis_level,location,sex,category,year,benchmark_rate,benchmark_lower,benchmark_upper,prev_group,next_group,prev_rate,next_rate,equivalent_age,lower_bound,upper_bound,equivalent_age_numeric,lower_bound_numeric,upper_bound_numeric
overall,Global,Both,Overall,1990,20811.69781556395,20343.491077959192,21279.427882736694,55 to 59,60 to 64,19953.13619832878,21809.824822033243,59.31,58.05,60.57,59.312077551060156,58.051212558332956,60.57165888635031
overall,Global,Both,Overall,1991,20811.69781556395,20343.491077959192,21279.427882736694,55 to 59,60 to 64,20030.48828451657,21801.39328170764,59.21,57.88,60.53,59.20567882604234,57.88373682930223,60.52627498426267
overall,Global,Both,Overall,1992,20811.69781556395,20343.491077959192,21279.427882736694,55 to 59,60 to 64,19932.876050673924,21722.16381554484,59.46,58.15,60.76,59.45578654854723,58.14742590696385,60.76281517847386
overall,Global,Both,Overall,1993,20811.69781556395,20343.491077959192,21279.427882736694,55 to 59,60 to 64,19790.921646118743,21644.22453997112,59.75,58.49,61.02,59.75393777463803,58.49076935473793,61.01582019203526
overall,Global,Both,Overall,1994,20811.69781556395,20343.491077959192,21279.427882736694,55 to 59,60 to 64,19801.52837780056,21580.929572308007,59.84,58.52,61.15,59.838509496569756,58.52287944346539,61.15280013719792
overall,Global,Both,Overall,1995,20811.69781556395,20343.491077959192,21279.427882736694,55 to 59,60 to 64,19678.806752428103,21424.459196874457,60.24,58.90,61.58,60.24489295317646,58.90382778555298,61.584592813422944
overall,Global,Both,Overall,1996,20811.69781556395,20343.491077959192,21279.427882736694,55 to 59,60 to 64,19673.909694307044,21443.8424758299,60.21,58.89,61.54,60.214212802697375,58.8915446694988,61.535534358113466
overall,Global,Both,Overall,1997,20811.69781556395,20343.491077959192,21279.427882736694,55 to 59,60 to 64,19628.25391366747,21344.587953296457,60.45,59.08,61.81,60.44759200298883,59.083618770523046,61.81017660590753
overall,Global,Both,Overall,1998,20811.69781556395,20343.491077959192,21279.427882736694,55 to 59,60 to 64,19578.95385161536,21326.07425329748,60.53,59.19,61.87,60.52793076756963,59.18799238337478,61.86650499153958
overall,Global,Both,Overall,1999,20811.69781556395,20343.491077959192,21279.427882736694,55 to 59,60 to 64,19481.06236523116,21193.98066707076,60.88,59.52,62.25,60.88411825859922,59.517425121215126,62.24941999736406
overall,Global,Both,Overall,2000,20811.69781556395,20343.491077959192,21279.427882736694,55 to 59,60 to 64,19418.314859690116,21226.912326848775,60.85,59.56,62.15,60.85210910989184,59.557717333649,62.1451830958561
overall,Global,Both,Overall,2001,20811.69781556395,20343.491077959192,21279.427882736694,55 to 59,60 to 64,19365.057287218133,21114.401860194677,61.13,59.80,62.47,61.13480726065401,59.79657251594588,62.47167957957311
overall,Global,Both,Overall,2002,20811.69781556395,20343.491077959192,21279.427882736694,55 to 59,60 to 64,19309.18690423685,21043.146005003902,61.33,59.98,62.68,61.33260193583123,59.98249299324533,62.681336363782364
overall,Global,Both,Overall,2003,20811.69781556395,20343.491077959192,21279.427882736694,55 to 59,60 to 64,19278.708780772376,21001.26519833183,61.45,60.09,62.81,61.44974985772466,60.09070369577624,62.80741240626235
overall,Global,Both,Overall,2004,20811.69781556395,20343.491077959192,21279.427882736694,55 to 59,60 to 64,19188.766122704892,20990.549753386476,61.50,60.20,62.80,61.503680867178076,60.20439406705423,62.801644893512936
overall,Global,Both,Overall,2005,20811.69781556395,20343.491077959192,21279.427882736694,55 to 59,60 to 64,19084.730182546915,20934.06227518191,61.67,60.40,62.93,61.66916580287208,60.40328516556145,62.933757676434126
overall,Global,Both,Overall,2006,20811.69781556395,20343.491077959192,21279.427882736694,60 to 64,65 to 69,20808.90802146959,22583.11112188115,62.01,60.69,63.33,62.00786210466467,60.68837749352812,63.32600337908878
overall,Global,Both,Overall,2007,20811.69781556395,20343.491077959192,21279.427882736694,60 to 64,65 to 69,20706.932898548628,22532.538084640822,62.29,61.00,63.57,62.28693202071686,61.00459906841248,63.567959459551936
overall,Global,Both,Overall,2008,20811.69781556395,20343.491077959192,21279.427882736694,60 to 64,65 to 69,20675.850930449207,22486.48389671489,62.38,61.08,63.67,62.37513645130112,61.082199819946155,63.6667567738268
overall,Global,Both,Overall,2009,20811.69781556395,20343.491077959192,21279.427882736694,60 to 64,65 to 69,20646.228484927364,22350.74437562252,62.49,61.11,63.86,62.48538512178113,61.11195487052718,63.85741711551628
overall,Global,Both,Overall,2010,20811.69781556395,20343.491077959192,21279.427882736694,60 to 64,65 to 69,20626.0911210727,22381.85457270448,62.53,61.20,63.86,62.52856406800914,61.19522176278683,63.860548928321734
overall,Global,Both,Overall,2011,20811.69781556395,20343.491077959192,21279.427882736694,60 to 64,65 to 69,20547.06012052593,22390.70440653744,62.72,61.45,63.99,62.71770269635509,61.447916704672096,63.98619594833868
overall,Global,Both,Overall,2012,20811.69781556395,20343.491077959192,21279.427882736694,60 to 64,65 to 69,20445.39401913932,22233.833283290005,63.02,61.72,64.33,63.0240878842441,61.71510650872307,64.33173661615355
overall,Global,Both,Overall,2013,20811.69781556395,20343.491077959192,21279.427882736694,60 to 64,65 to 69,20379.90736414411,22178.61889714432,63.20,61.90,64.50,63.20027709696069,61.898771188384565,64.50045797252494
overall,Global,Both,Overall,2014,20811.69781556395,20343.491077959192,21279.427882736694,60 to 64,65 to 69,20354.9411776805,22191.22378717281,63.24,61.97,64.52,63.24369918748437,61.96882261025041,64.51727784241173
overall,Global,Both,Overall,2015,20811.69781556395,20343.491077959192,21279.427882736694,60 to 64,65 to 69,20361.622897233,22113.766885947345,63.28,61.95,64.62,63.28435482822733,61.94825819284661,64.61909121457862
overall,Global,Both,Overall,2016,20811.69781556395,20343.491077959192,21279.427882736694,60 to 64,65 to 69,20215.416060081727,22107.067937911674,63.58,62.34,64.81,63.576087446296576,62.338526922893415,64.812388038003
overall,Global,Both,Overall,2017,20811.69781556395,20343.491077959192,21279.427882736694,60 to 64,65 to 69,20071.88028675227,21984.895557665634,63.93,62.71,65.16,63.93364250683283,62.70990230798639,65.15613684413476
overall,Global,Both,Overall,2018,20811.69781556395,20343.491077959192,21279.427882736694,60 to 64,65 to 69,20004.526911340403,21908.69806922349,64.12,62.89,65.35,64.11948096388798,62.89005698152582,65.34765329817732
overall,Global,Both,Overall,2019,20811.69781556395,20343.491077959192,21279.427882736694,60 to 64,65 to 69,20085.44627989806,21810.121670875153,64.11,62.75,65.46,64.10547312110265,62.74809671260787,65.46146761612398
overall,Global,Both,Overall,2020,20811.69781556395,20343.491077959192,21279.427882736694,60 to 64,65 to 69,19940.2454655775,21760.384432201015,64.39,63.11,65.68,64.39391707437333,63.10773303515869,65.6787916794163
overall,Global,Both,Overall,2021,20811.69781556395,20343.491077959192,21279.427882736694,60 to 64,65 to 69,19884.14161471985,21739.254016408056,65.00,65.00,65.00,65,65,65
overall,Global,Female,Overall,1990,20811.69781556395,20343.491077959192,21279.427882736694,60 to 64,65 to 69,20520.03904474707,22255.731093914925,62.84,61.49,64.19,62.84018006234663,61.49141909455505,64.18756788784536
overall,Global,Female,Overall,1991,20811.69781556395,20343.491077959192,21279.427882736694,60 to 64,65 to 69,20443.22001165551,22247.87128898088,63.02,61.72,64.32,63.02091137644762,61.72368918319742,64.31681289783727
overall,Global,Female,Overall,1992,20811.69781556395,20343.491077959192,21279.427882736694,60 to 64,65 to 69,20451.21625631085,22142.035618157985,63.07,61.68,64.45,63.06599666229068,61.68144090142789,64.4491428390111
overall,Global,Female,Overall,1993,20811.69781556395,20343.491077959192,21279.427882736694,60 to 64,65 to 69,20253.71905039779,22059.690666134324,63.54,62.25,64.84,63.54481598798163,62.24854218853486,64.83977008110558
overall,Global,Female,Overall,1994,20811.69781556395,20343.491077959192,21279.427882736694,60 to 64,65 to 69,20271.313409988892,22027.414358069804,63.54,62.21,64.87,63.53859152050911,62.20550546382079,64.8703203931684
overall,Global,Female,Overall,1995,20811.69781556395,20343.491077959192,21279.427882736694,60 to 64,65 to 69,20259.017414065653,21894.049330425536,63.69,62.26,65.12,63.69012114065867,62.25832420470912,65.12046039731997
overall,Global,Female,Overall,1996,20811.69781556395,20343.491077959192,21279.427882736694,60 to 64,65 to 69,20130.673189253594,21804.41536751197,64.03,62.64,65.43,64.03443706909209,62.635754692299884,65.43169547976154
overall,Global,Female,Overall,1997,20811.69781556395,20343.491077959192,21279.427882736694,60 to 64,65 to 69,19908.79632194145,21796.83234264076,64.39,63.15,65.63,64.39111299711347,63.1511823695417,65.62978128004035
overall,Global,Female,Overall,1998,20811.69781556395,20343.491077959192,21279.427882736694,60 to 64,65 to 69,19971.407861212752,21792.829688612754,64.31,63.02,65.59,64.30668684680988,63.02140869058754,65.59065649111903
overall,Global,Female,Overall,1999,20811.69781556395,20343.491077959192,21279.427882736694,60 to 64,65 to 69,19971.229252584995,21740.97087955706,64.37,63.05,65.70,64.3745516016848,63.05174060354538,65.69601587659426
overall,Global,Female,Overall,2000,20811.69781556395,20343.491077959192,21279.427882736694,60 to 64,65 to 69,19822.504962226012,21620.22778371634,64.75,63.45,66.05,64.75123851550677,63.44901680477438,66.05213446448569
overall,Global,Female,Overall,2001,20811.69781556395,20343.491077959192,21279.427882736694,60 to 64,65 to 69,19857.628024650545,21626.83204173295,64.70,63.37,66.02,64.69632496224705,63.373112000135194,66.01819079189872
overall,Global,Female,Overall,2002,20811.69781556395,20343.491077959192,21279.427882736694,60 to 64,65 to 69,19739.501835575833,21475.964577091756,65.09,63.74,66.43,65.08729912353921,63.73913677484401,66.43408893938178
overall,Global,Female,Overall,2003,20811.69781556395,20343.491077959192,21279.427882736694,60 to 64,65 to 69,19701.05224991559,21425.847873694656,65.22,63.86,66.58,65.2196439692226,63.862362181311674,66.57554393999112
overall,Global,Female,Overall,2004,20811.69781556395,20343.491077959192,21279.427882736694,60 to 64,65 to 69,19614.458202970047,21409.016671278827,65.34,64.03,66.64,65.33574980625235,64.03123188200215,66.6389396310273
overall,Global,Female,Overall,2005,20811.69781556395,20343.491077959192,21279.427882736694,60 to 64,65 to 69,19560.344726468236,21315.979971200093,65.56,64.23,66.90,65.56381854616629,64.23037887237952,66.89590067591466
overall,Global,Female,Overall,2006,20811.69781556395,20343.491077959192,21279.427882736694,60 to 64,65 to 69,19531.883953997956,21260.874796629843,65.70,64.35,67.05,65.7010429147729,64.34705443183782,67.05365293340307
overall,Global,Female,Overall,2007,20811.69781556395,20343.491077959192,21279.427882736694,60 to 64,65 to 69,19550.690173725314,21283.984660713493,65.64,64.29,66.99,65.63760356738283,64.28697693953747,66.98685515355005
overall,Global,Female,Overall,2008,20811.69781556395,20343.491077959192,21279.427882736694,60 to 64,65 to 69,19370.26876283799,21158.162047322818,66.03,64.72,67.34,66.03108246234423,64.7217013553514,67.33913051876813
overall,Global,Female,Overall,2009,20811.69781556395,20343.491077959192,21279.427882736694,60 to 64,65 to 69,19308.181657325807,21113.86457081209,66.16,64.87,67.46,66.16328954272282,64.8668084880819,67.45845068003925
overall,Global,Female,Overall,2010,20811.69781556395,20343.491077959192,21279.427882736694,60 to 64,65 to 69,19216.044828709473,21080.621773428215,66.28,65.02,67.53,66.27886065891255,65.02332990988415,67.53311318117383
overall,Global,Female,Overall,2011,20811.69781556395,20343.491077959192,21279.427882736694,60 to 64,65 to 69,19184.458879965667,20982.163596641883,66.53,65.22,67.83,66.52587936301045,65.2236445375091,67.82678841340646
overall,Global,Female,Overall,2012,20811.69781556395,20343.491077959192,21279.427882736694,60 to 64,65 to 69,19093.598616509105,20957.107686758365,66.61,65.35,67.86,66.60984930656934,65.35359908198059,67.86482057190958
overall,Global,Female,Overall,2013,20811.69781556395,20343.491077959192,21279.427882736694,60 to 64,65 to 69,19087.729300673935,20950.19430629795,66.63,65.37,67.88,66.62819035440724,65.37123589837468,67.88386513422955
overall,Global,Female,Overall,2014,20811.69781556395,20343.491077959192,21279.427882736694,65 to 69,70 to 74,20801.78623513035,22582.318148713097,67.03,65.71,68.34,67.02783320073624,65.71303863279546,68.3412892067889
overall,Global,Female,Overall,2015,20811.69781556395,20343.491077959192,21279.427882736694,65 to 69,70 to 74,20751.97844933886,22456.260120479837,67.18,65.80,68.55,67.17520392091382,65.80158491904042,68.54742447310578
overall,Global,Female,Overall,2016,20811.69781556395,20343.491077959192,21279.427882736694,65 to 69,70 to 74,20748.708944088536,22536.198001386096,67.18,65.87,68.48,67.17619372610496,65.86651651243679,68.48453758774482
overall,Global,Female,Overall,2017,20811.69781556395,20343.491077959192,21279.427882736694,65 to 69,70 to 74,20639.73405229538,22392.945805951127,67.49,66.16,68.82,67.49042496694994,66.15514205937056,68.8243484539373
overall,Global,Female,Overall,2018,20811.69781556395,20343.491077959192,21279.427882736694,65 to 69,70 to 74,20611.251942403276,22354.52224773379,67.57,66.23,68.92,67.574913346908275,66.23201564431707,68.91644387646107
overall,Global,Female,Overall,2019,20811.69781556395,20343.491077959192,21279.427882736694,65 to 69,70 to 74,20535.688302388153,22316.437280853515,67.77,66.46,69.09,67.77498152887799,66.46034722817981,69.08827743085241
overall,Global,Female,Overall,2020,20811.69781556395,20343.491077959192,21279.427882736694,65 to 69,70 to 74,20413.812206753933,22240.821741201988,68.09,66.81,69.37,68.08889855610475,66.80755128129097,69.36894132094463
overall,Global,Female,Overall,2021,20811.69781556395,20343.491077959192,21279.427882736694,65 to 69,70 to 74,20345.180234201205,22135.687418980455,68.30,67.00,69.61,68.3027526092286,66.99528302299937,69.60889109096391
overall,Global,Male,Overall,1990,20811.69781556395,20343.491077959192,21279.427882736694,50 to 54,55 to 59,19593.37271798161,21340.570742861037,55.49,54.15,56.83,55.48651120317749,54.14663234875551,56.82502595798046
overall,Global,Male,Overall,1991,20811.69781556395,20343.491077959192,21279.427882736694,50 to 54,55 to 59,19503.546978890037,21233.55664442022,55.78,54.43,57.13,55.78076164179411,54.42757053849102,57.13257509258602
overall,Global,Male,Overall,1992,20811.69781556395,20343.491077959192,21279.427882736694,50 to 54,55 to 59,19392.24937036889,21144.012213027945,56.05,54.72,57.39,56.051485768017656,54.71509842664086,57.38651256440397
overall,Global,Male,Overall,1993,20811.69781556395,20343.491077959192,21279.427882736694,50 to 54,55 to 59,19359.145312400095,21084.528381141496,56.21,54.85,57.56,56.2093623424259,54.85254267122587,57.56480066695383
overall,Global,Male,Overall,1994,20811.69781556395,20343.491077959192,21279.427882736694,50 to 54,55 to 59,19351.929486069304,21109.834488470216,56.15,54.82,57.48,56.152011421268284,54.820293447415054,57.48237360390593
overall,Global,Male,Overall,1995,20811.69781556395,20343.491077959192,21279.427882736694,50 to 54,55 to 59,19303.120294590302,20998.228873073367,56.45,55.07,57.83,56.449796137317826,55.06874378601726,57.82944247121612
overall,Global,Male,Overall,1996,20811.69781556395,20343.491077959192,21279.427882736694,50 to 54,55 to 59,19177.212178969912,20987.848557187674,56.51,55.22,57.81,56.51356676651689,55.22063257156378,57.80518465512117
overall,Global,Male,Overall,1997,20811.69781556395,20343.491077959192,21279.427882736694,50 to 54,55 to 59,19143.707825195313,20853.316641176752,56.88,55.51,58.25,56.878279682393575,55.508940880358985,58.24622439231902
overall,Global,Male,Overall,1998,20811.69781556395,20343.491077959192,21279.427882736694,50 to 54,55 to 59,19040.7594226469,20862.663100463087,56.86,55.58,58.14,56.860131779962636,55.575193549402684,58.143761844679844
overall,Global,Male,Overall,1999,20811.69781556395,20343.491077959192,21279.427882736694,55 to 59,60 to 64,20774.94783371616,22614.452034124537,57.10,55.83,58.37,57.099890997366664,55.82724715806253,58.371239187462955
overall,Global,Male,Overall,2000,20811.69781556395,20343.491077959192,21279.427882736694,55 to 59,60 to 64,20733.094188847794,22491.89482521932,57.22,55.89,58.55,57.22345803467049,55.892418211502445,58.553142757032454
overall,Global,Male,Overall,2001,20811.69781556395,20343.491077959192,21279.427882736694,55 to 59,60 to 64,20715.20422027504,22462.852490071888,57.28,55.94,58.61,57.276066977997026,55.936533315256106,58.61423689255058
overall,Global,Male,Overall,2002,20811.69781556395,20343.491077959192,21279.427882736694,55 to 59,60 to 64,20656.784829658696,22474.594752310597,57.43,56.14,58.71,57.42609786637995,56.1382659215479,58.7126186993458
overall,Global,Male,Overall,2003,20811.69781556395,20343.491077959192,21279.427882736694,55 to 59,60 to 64,20497.78535307181,22389.122049197897,57.83,56.59,59.07,57.82986932769588,56.592102571084645,59.066375942649124
overall,Global,Male,Overall,2004,20811.69781556395,20343.491077959192,21279.427882736694,55 to 59,60 to 64,20526.124076062868,22261.084569465405,57.82,56.47,59.17,57.8229978163394,56.473668135965724,59.170953775427115
overall,Global,Male,Overall,2005,20811.69781556395,20343.491077959192,21279.427882736694,55 to 59,60 to 64,20438.132524706707,22192.389558022707,58.06,56.73,59.40,58.0647393277116,56.73025205272052,59.39786799212576
overall,Global,Male,Overall,2006,20811.69781556395,20343.491077959192,21279.427882736694,55 to 59,60 to 64,20375.78722443997,22150.51790514139,58.23,56.91,59.55,58.22810349723514,56.90901113382451,59.54585292327167
overall,Global,Male,Overall,2007,20811.69781556395,20343.491077959192,21279.427882736694,55 to 59,60 to 64,20262.174852021468,22136.807776648737,58.47,57.22,59.71,58.46568151109302,57.216885729652624,59.71320592248076
overall,Global,Male,Overall,2008,20811.69781556395,20343.491077959192,21279.427882736694,55 to 59,60 to 64,20260.255003309197,22098.675195801112,58.50,57.23,59.77,58.49977359503241,57.22637935274517,59.77187142414391
overall,Global,Male,Overall,2009,20811.69781556395,20343.491077959192,21279.427882736694,55 to 59,60 to 64,20154.82646917985,21989.30179027103,58.79,57.51,60.07,58.79035209368034,57.51421953353704,60.06518545282994
overall,Global,Male,Overall,2010,20811.69781556395,20343.491077959192,21279.427882736694,55 to 59,60 to 64,20085.46489699115,21833.12174545335,59.08,57.74,60.42,59.077733163726705,57.738206076310355,60.41589650964987
overall,Global,Male,Overall,2011,20811.69781556395,20343.491077959192,21279.427882736694,55 to 59,60 to 64,20066.01710085223,21848.501243698884,59.09,57.78,60.40,59.091689616718995,57.778335050610416,60.40370708697198
overall,Global,Male,Overall,2012,20811.69781556395,20343.491077959192,21279.427882736694,55 to 59,60 to 64,19947.711677465068,21763.468961519116,59.38,58.09,60.67,59.379134440727285,58.089846655083946,60.667109632346616
overall,Global,Male,Overall,2013,20811.69781556395,20343.491077959192,21279.427882736694,55 to 59,60 to 64,20009.69038284753,21789.777022057944,59.25,57.94,60.57,59.252720218921944,57.9375967656825,60.56650477544277
overall,Global,Male,Overall,2014,20811.69781556395,20343.491077959192,21279.427882736694,55 to 59,60 to 64,19840.29690214004,21616.436038008105,59.73,58.42,61.05,59.734585635232776,58.41653929485998,61.05129010316328
overall,Global,Male,Overall,2015,20811.69781556395,20343.491077959192,21279.427882736694,55 to 59,60 to 64,19812.601679949366,21706.530562015992,59.64,58.40,60.87,59.63762843756938,58.40155578975734,60.87244266845635
overall,Global,Male,Overall,2016,20811.69781556395,20343.491077959192,21279.427882736694,55 to 59,60 to 64,19738.65449593159,21510.737841426264,60.03,58.71,61.35,60.027632200145824,58.70656922984275,61.34735022684556
overall,Global,Male,Overall,2017,20811.69781556395,20343.491077959192,21279.427882736694,55 to 59,60 to 64,19700.338011111344,21462.449138422937,60.15,58.82,61.48,60.15348954792704,58.82495035891718,61.48067618196852
overall,Global,Male,Overall,2018,20811.69781556395,20343.491077959192,21279.427882736694,55 to 59,60 to 64,19672.79004178642,21453.258617592677,60.20,58.88,61.51,60.19833719407767,58.883495854087336,61.511839924562366
overall,Global,Male,Overall,2019,20811.69781556395,20343.491077959192,21279.427882736694,55 to 59,60 to 64,19532.05791779981,21395.69403280518,60.43,59.18,61.69,60.4331806715402,59.177016085989095,61.68806638502992
overall,Global,Male,Overall,2020,20811.69781556395,20343.491077959192,21279.427882736694,55 to 59,60 to 64,19494.840970942187,21257.5035424116,60.74,59.41,62.06,60.73541954636272,59.407295987199475,62.06219097370071
overall,Global,Male,Overall,2021,20811.69781556395,20343.491077959192,21279.427882736694,55 to 59,60 to 64,19454.030554703564,21213.39011653154,60.86,59.53,62.19,60.858413283779726,59.52779631450514,62.187675582745975
overall,Japan,Both,Overall,1990,20811.69781556395,20343.491077959192,21279.427882736694,60 to 64,65 to 69,19599.662821503905,21380.972917530507,65.40,64.09,66.71,65.40208871202049,64.08786852472927,66.71497092218722
overall,Japan,Both,Overall,1991,20811.69781556395,20343.491077959192,21279.427882736694,60 to 64,65 to 69,19528.90456153816,21358.302020246512,65.51,64.23,66.78,65.5060539958646,64.2263792718838,66.78442591265676
overall,Japan,Both,Overall,1992,20811.69781556395,20343.491077959192,21279.427882736694,60 to 64,65 to 69,19528.289605255897,21360.27189511137,65.50,64.22,66.78,65.50278552749903,64.22491635759101,66.77935372841117
overall,Japan,Both,Overall,1993,20811.69781556395,20343.491077959192,21279.427882736694,60 to 64,65 to 69,19428.864023223858,21256.66032917424,65.78,64.50,67.06,65.78278965724542,64.50199393597025,67.06228143007056
overall,Japan,Both,Overall,1994,20811.69781556395,20343.491077959192,21279.427882736694,60 to 64,65 to 69,19408.679596045557,21199.086731382,65.92,64.61,67.22,65.91815412212024,64.61061147340091,67.2243655919624
overall,Japan,Both,Overall,1995,20811.69781556395,20343.491077959192,21279.427882736694,60 to 64,65 to 69,19335.017467623464,21100.52019758462,66.18,64.86,67.51,66.18203926530597,64.85605225418688,67.50667631976987
overall,Japan,Both,Overall,1996,20811.69781556395,20343.491077959192,21279.427882736694,60 to 64,65 to 69,19372.83780574684,21088.82347303194,66.19,64.83,67.56,66.1925175636623,64.8282674229676,67.55537879289608
overall,Japan,Both,Overall,1997,20811.69781556395,20343.491077959192,21279.427882736694,60 to 64,65 to 69,19201.012011891577,21041.046161682498,66.38,65.10,67.65,66.37678236530391,65.10450506094529,67.64776439361542
overall,Japan,Both,Overall,1998,20811.69781556395,20343.491077959192,21279.427882736694,60 to 64,65 to 69,19143.294290084377,20932.322104249062,66.66,65.35,67.97,66.66287754798985,65.35432679797435,67.97009609280362
overall,Japan,Both,Overall,1999,20811.69781556395,20343.491077959192,21279.427882736694,60 to 64,65 to 69,19128.936397768775,20893.290222365224,66.77,65.44,68.09,66.76877538489217,65.44192492248037,68.09427501158899
overall,Japan,Both,Overall,2000,20811.69781556395,20343.491077959192,21279.427882736694,65 to 69,70 to 74,20777.335109262956,22588.82804091574,67.09,65.80,68.39,67.09484637146677,65.80252353259824,68.38585352639393
overall,Japan,Both,Overall,2001,20811.69781556395,20343.491077959192,21279.427882736694,65 to 69,70 to 74,20788.11466531424,22548.89142730463,67.07,65.74,68.40,67.06696803012966,65.7374220373841,68.39516044290326
overall,Japan,Both,Overall,2002,20811.69781556395,20343.491077959192,21279.427882736694,65 to 69,70 to 74,20648.659128791107,22456.8379287948,67.45,66.16,68.74,67.45083673907833,66.15614525833593,68.74421012441994
overall,Japan,Both,Overall,2003,20811.69781556395,20343.491077959192,21279.427882736694,65 to 69,70 to 74,20656.279671024437,22429.52516696188,67.44,66.12,68.76,67.43823076075925,66.11803358930884,68.75708387005609
overall,Japan,Both,Overall,2004,20811.69781556395,20343.491077959192,21279.427882736694,65 to 69,70 to 74,20541.52236728027,22332.69210094561,67.75,66.45,69.06,67.75418717502224,66.44720121829035,69.05984251963218
overall,Japan,Both,Overall,2005,20811.69781556395,20343.491077959192,21279.427882736694,65 to 69,70 to 74,20538.282935707455,22284.51447418619,67.78,66.44,69.12,67.78287121103851,66.44225077415003,69.12212679332004
overall,Japan,Both,Overall,2006,20811.69781556395,20343.491077959192,21279.427882736694,65 to 69,70 to 74,20339.37861516561,22248.709827544724,68.24,67.01,69.46,68.23687078841029,67.01076938031213,69.4617239310715
overall,Japan,Both,Overall,2007,20811.69781556395,20343.491077959192,21279.427882736694,65 to 69,70 to 74,20408.394034588546,22183.525969399885,68.14,66.82,69.45,68.13598255168078,66.8171883583508,69.4534341111967
overall,Japan,Both,Overall,2008,20811.69781556395,20343.491077959192,21279.427882736694,65 to 69,70 to 74,20403.843442448397,22099.886265843983,68.20,66.82,69.58,68.2023705047111,66.8220788895873,69.58125687692048
overall,Japan,Both,Overall,2009,20811.69781556395,20343.491077959192,21279.427882736694,65 to 69,70 to 74,20257.28422381846,22024.62481614702,68.57,67.24,69.89,68.56849674067358,67.24388862711275,69.89175630140285
overall,Japan,Both,Overall,2010,20811.69781556395,20343.491077959192,21279.427882736694,65 to 69,70 to 74,20163.280823111258,21947.177483051535,68.82,67.51,70.13,68.81741747437994,67.50510284282377,70.12839606881377
overall,Japan,Both,Overall,2011,20811.69781556395,20343.491077959192,21279.427882736694,65 to 69,70 to 74,20136.42687619792,21984.39392220317,68.83,67.56,70.09,68.8270643430189,67.56024863162166,70.09259033869029
overall,Japan,Both,Overall,2012,20811.69781556395,20343.491077959192,21279.427882736694,65 to 69,70 to 74,20160.516732041837,21917.79776353388,68.85,67.52,70.18,68.85280860560255,67.52061776869576,70.18364316988283
overall,Japan,Both,Overall,2013,20811.69781556395,20343.491077959192,21279.427882736694,65 to 69,70 to 74,20089.174720703224,21788.989863593324,69.13,67.75,70.50,69.1252990299647,67.74807063085568,70.50112530474858
overall,Japan,Both,Overall,2014,20811.69781556395,20343.491077959192,21279.427882736694,65 to 69,70 to 74,20070.69693309616,21743.0984346282,69.22,67.82,70.61,69.21537974520169,67.81557611797507,70.61375826478645
overall,Japan,Both,Overall,2015,20811.69781556395,20343.491077959192,21279.427882736694,65 to 69,70 to 74,19861.925523921283,21682.752432367794,69.61,68.32,70.89,69.60807956878503,68.32238147350527,70.89246872462137
overall,Japan,Both,Overall,2016,20811.69781556395,20343.491077959192,21279.427882736694,65 to 69,70 to 74,19851.14183047345,21685.675946763604,69.62,68.34,70.89,69.61798343394389,68.34189177272262,70.8927759358097
overall,Japan,Both,Overall,2017,20811.69781556395,20343.491077959192,21279.427882736694,65 to 69,70 to 74,19757.54601079473,21603.671689327264,69.86,68.59,71.12,69.85503803188296,68.58695876986616,71.1218262917823
overall,Japan,Both,Overall,2018,20811.69781556395,20343.491077959192,21279.427882736694,65 to 69,70 to 74,19713.19103251617,21529.696305292564,70.02,68.73,71.31,70.02368179027853,68.73492489917096,71.31112662785351
overall,Japan,Both,Overall,2019,20811.69781556395,20343.491077959192,21279.427882736694,65 to 69,70 to 74,19688.108266961135,21513.394867434683,70.08,68.80,71.36,70.07784418159679,68.79528741083188,71.35909521102799
overall,Japan,Both,Overall,2020,20811.69781556395,20343.491077959192,21279.427882736694,65 to 69,70 to 74,19640.49869336435,21318.67249117393,70.49,69.09,71.88,70.48950485262104,69.09451603139203,71.88307346805063
overall,Japan,Both,Overall,2021,20811.69781556395,20343.491077959192,21279.427882736694,65 to 69,70 to 74,19484.170007338136,21339.199344000517,70.58,69.32,71.84,70.57818548199981,69.31619267048134,71.83889348787505
overall,Japan,Female,Overall,1990,20811.69781556395,20343.491077959192,21279.427882736694,65 to 69,70 to 74,20122.476689578125,21885.54201976665,68.95,67.63,70.28,68.95461028637018,67.62679012682257,70.28107862297665
overall,Japan,Female,Overall,1991,20811.69781556395,20343.491077959192,21279.427882736694,65 to 69,70 to 74,20044.42008503408,21776.210983499743,69.22,67.86,70.57,69.21527244198381,67.86347316292655,70.5656954855139
overall,Japan,Female,Overall,1992,20811.69781556395,20343.491077959192,21279.427882736694,65 to 69,70 to 74,19972.89481578532,21689.7365882109,69.44,68.08,70.81,69.44286635277274,68.07929649699253,70.80504798967434
overall,Japan,Female,Overall,1993,20811.69781556395,20343.491077959192,21279.427882736694,65 to 69,70 to 74,19959.14051534469,21767.370091342953,69.36,68.06,70.65,69.3574365543396,68.06278142918417,70.65077362110704
overall,Japan,Female,Overall,1994,20811.69781556395,20343.491077959192,21279.427882736694,65 to 69,70 to 74,19843.418393963453,21671.517865289476,69.65,68.37,70.93,69.64832257978323,68.36773926101792,70.9276021663406
overall,Japan,Female,Overall,1995,20811.69781556395,20343.491077959192,21279.427882736694,65 to 69,70 to 74,19782.104739141963,21497.22160640969,70.00,68.64,71.37,70.00152454935093,68.63658334172746,71.36507614195425
overall,Japan,Female,Overall,1996,20811.69781556395,20343.491077959192,21279.427882736694,65 to 69,70 to 74,19806.73362763543,21487.157445188164,69.99,68.60,71.38,69.99021049758771,68.59708951014947,71.38191318082484
overall,Japan,Female,Overall,1997,20811.69781556395,20343.491077959192,21279.427882736694,65 to 69,70 to 74,19698.328640963085,21457.47997407972,70.16,68.83,71.49,70.16450652550836,68.8337320526401,71.49392616771755
overall,Japan,Female,Overall,1998,20811.69781556395,20343.491077959192,21279.427882736694,65 to 69,70 to 74,19652.41291187385,21416.068856195525,70.29,68.96,71.61,70.28659596964638,68.95922047128965,71.61262009776124
overall,Japan,Female,Overall,1999,20811.69781556395,20343.491077959192,21279.427882736694,65 to 69,70 to 74,19590.985645592715,21317.899455367555,70.53,69.18,71.89,70.53437491512793,69.17875793252412,71.88861177548903
overall,Japan,Female,Overall,2000,20811.69781556395,20343.491077959192,21279.427882736694,65 to 69,70 to 74,19479.36106569923,21294.82046124403,70.67,69.38,71.96,70.66942040437347,69.37992106675745,71.95760693258931
overall,Japan,Female,Overall,2001,20811.69781556395,20343.491077959192,21279.427882736694,65 to 69,70 to 74,19414.743854380853,21178.74523125685,70.96,69.63,72.29,70.95961698073351,69.63250141341479,72.28538144244011
overall,Japan,Female,Overall,2002,20811.69781556395,20343.491077959192,21279.427882736694,65 to 69,70 to 74,19406.35974098425,21204.74701760313,70.91,69.61,72.21,70.90721757446443,69.6054769991946,72.20763287781364
overall,Japan,Female,Overall,2003,20811.69781556395,20343.491077959192,21279.427882736694,65 to 69,70 to 74,19282.643707944975,21104.643611922387,71.20,69.91,72.48,71.19608723436555,69.91121686586919,72.47964950610798
overall,Japan,Female,Overall,2004,20811.69781556395,20343.491077959192,21279.427882736694,65 to 69,70 to 74,19241.861517379966,21003.638404998055,71.46,70.13,72.78,71.4552641972344,70.1264729612517,72.78270262164554
overall,Japan,Female,Overall,2005,20811.69781556395,20343.491077959192,21279.427882736694,65 to 69,70 to 74,19170.119970671018,20941.385522479253,71.63,70.31,72.95,71.63391229851756,70.31223939315682,72.95423963931422
overall,Japan,Female,Overall,2006,20811.69781556395,20343.491077959192,21279.427882736694,65 to 69,70 to 74,19189.80267820365,20947.21317326127,71.61,70.28,72.95,71.61444591892894,70.28235322083279,72.94518244431143
overall,Japan,Female,Overall,2007,20811.69781556395,20343.491077959192,21279.427882736694,70 to 74,75 to 79,20805.387553275657,22583.769325255544,72.02,70.70,73.33,72.01774158504017,70.70135737276976,73.3327856170424
overall,Japan,Female,Overall,2008,20811.69781556395,20343.491077959192,21279.427882736694,65 to 69,70 to 74,19035.004357705373,20813.99527081384,71.99,70.68,73.31,71.99354281342035,70.6776093419372,73.30813656352407
overall,Japan,Female,Overall,2009,20811.69781556395,20343.491077959192,21279.427882736694,70 to 74,75 to 79,20753.888275492503,22504.2389791156,72.17,70.83,73.50,72.16513702068902,70.82767151553166,73.50124088320233
overall,Japan,Female,Overall,2010,20811.69781556395,20343.491077959192,21279.427882736694,70 to 74,75 to 79,20698.831655087004,22457.22758371608,72.32,70.99,73.65,72.32093500286065,70.98958883109775,73.65092576193106
overall,Japan,Female,Overall,2011,20811.69781556395,20343.491077959192,21279.427882736694,70 to 74,75 to 79,20532.407195634245,22331.76220274254,72.78,71.48,74.08,72.77608537177593,71.47504489962029,74.07580128476974
overall,Japan,Female,Overall,2012,20811.69781556395,20343.491077959192,21279.427882736694,70 to 74,75 to 79,20535.165950865096,22337.84977700683,72.77,71.47,74.06,72.7670004597831,71.46836247675184,74.06431632957104
overall,Japan,Female,Overall,2013,20811.69781556395,20343.491077959192,21279.427882736694,70 to 74,75 to 79,20498.58532141561,22250.069066867454,72.89,71.56,74.23,72.8938492719713,71.55724897858985,74.22908880356078
overall,Japan,Female,Overall,2014,20811.69781556395,20343.491077959192,21279.427882736694,70 to 74,75 to 79,20444.6313531867,22218.34774843288,73.03,71.71,74.35,73.03473831374914,71.71489163797949,74.35324128419676
overall,Japan,Female,Overall,2015,20811.69781556395,20343.491077959192,21279.427882736694,70 to 74,75 to 79,20441.182670206592,22179.27893150952,73.07,71.72,74.41,73.06586485917532,71.71896955760619,74.41138891784315
overall,Japan,Female,Overall,2016,20811.69781556395,20343.491077959192,21279.427882736694,70 to 74,75 to 79,20281.624663929528,22073.348645594757,73.48,72.17,74.78,73.47922659142446,72.17264493488602,74.78447804744961
overall,Japan,Female,Overall,2017,20811.69781556395,20343.491077959192,21279.427882736694,70 to 74,75 to 79,20196.47797160256,21959.114812789303,73.75,72.42,75.07,73.7451690262731,72.417026079682,75.07195982130105
overall,Japan,Female,Overall,2018,20811.69781556395,20343.491077959192,21279.427882736694,70 to 74,75 to 79,20217.8527725452,22006.063929464177,73.66,72.35,74.97,73.66044440758866,72.35129605619524,74.96825994537622
overall,Japan,Female,Overall,2019,20811.69781556395,20343.491077959192,21279.427882736694,70 to 74,75 to 79,20186.891795587515,21915.83267891672,73.81,72.45,75.16,73.8069039433359,72.45287633568516,75.15955304684975
overall,Japan,Female,Overall,2020,20811.69781556395,20343.491077959192,21279.427882736694,70 to 74,75 to 79,20040.113386737063,21926.31995096969,74.05,72.80,75.29,74.04533385541683,72.80420060287923,75.28520353894491
overall,Japan,Female,Overall,2021,20811.69781556395,20343.491077959192,21279.427882736694,70 to 74,75 to 79,20037.89483293357,21894.18776899089,74.08,72.82,75.34,74.0842695880584,72.82313582918302,75.34411941587216
overall,Japan,Male,Overall,1990,20811.69781556395,20343.491077959192,21279.427882736694,55 to 59,60 to 64,19153.44211336155,20977.145591653945,61.55,60.26,62.83,61.546396171144806,60.262726037326885,62.82875943013989
overall,Japan,Male,Overall,1991,20811.69781556395,20343.491077959192,21279.427882736694,55 to 59,60 to 64,19101.025878897726,20858.3465372018,61.87,60.54,63.20,61.86727316549369,60.535112368907456,63.19807772003678
overall,Japan,Male,Overall,1992,20811.69781556395,20343.491077959192,21279.427882736694,60 to 64,65 to 69,20758.569416123595,22527.164997382457,62.15,60.83,63.47,62.1501994011614,60.8265312246541,63.4725199817653
overall,Japan,Male,Overall,1993,20811.69781556395,20343.491077959192,21279.427882736694,60 to 64,65 to 69,20746.47025425708,22535.84745090523,62.18,60.87,63.49,62.18226330767223,60.87396805700679,63.48922661325389
overall,Japan,Male,Overall,1994,20811.69781556395,20343.491077959192,21279.427882736694,60 to 64,65 to 69,20716.240963917615,22426.34061081213,62.28,60.91,63.65,62.279097337455404,60.910151561532324,63.64664942140011
overall,Japan,Male,Overall,1995,20811.69781556395,20343.491077959192,21279.427882736694,60 to 64,65 to 69,20594.445246563817,22483.74679479368,62.57,61.34,63.81,62.57495472123993,61.335854647343744,63.812793296058686
overall,Japan,Male,Overall,1996,20811.69781556395,20343.491077959192,21279.427882736694,60 to 64,65 to 69,20574.544117120677,22385.182384562213,62.65,61.36,63.95,62.6548897775655,61.36195693166265,63.94650631849296
overall,Japan,Male,Overall,1997,20811.69781556395,20343.491077959192,21279.427882736694,60 to 64,65 to 69,20571.64454446696,22324.960985467544,62.68,61.35,64.02,62.68456915558266,61.349365975323984,64.01841299641785
overall,Japan,Male,Overall,1998,20811.69781556395,20343.491077959192,21279.427882736694,60 to 64,65 to 69,20561.15595104087,22285.017936005555,62.73,61.37,64.08,62.726687712555524,61.36867082463642,64.08332203494393
overall,Japan,Male,Overall,1999,20811.69781556395,20343.491077959192,21279.427882736694,60 to 64,65 to 69,20435.159415935123,22084.44741659447,63.14,61.72,64.56,63.14151803529249,61.722097238507516,64.55949375264979
overall,Japan,Male,Overall,2000,20811.69781556395,20343.491077959192,21279.427882736694,60 to 64,65 to 69,20318.473555445627,22194.37817885632,63.31,62.07,64.56,63.314630429402015,62.066681221959136,64.5613091286696
overall,Japan,Male,Overall,2001,20811.69781556395,20343.491077959192,21279.427882736694,60 to 64,65 to 69,20326.946492789903,22114.95754723778,63.36,62.05,64.66,63.355560195134636,62.04626533244337,64.66352209506029
overall,Japan,Male,Overall,2002,20811.69781556395,20343.491077959192,21279.427882736694,60 to 64,65 to 69,20211.65974191389,22104.8876196944,63.58,62.35,64.82,63.584695853817415,62.34816552616966,64.81996729858685
overall,Japan,Male,Overall,2003,20811.69781556395,20343.491077959192,21279.427882736694,60 to 64,65 to 69,20152.92760269414,21983.003239612397,63.80,62.52,65.08,63.7998442238681,62.520643713901215,65.07774240943264
overall,Japan,Male,Overall,2004,20811.69781556395,20343.491077959192,21279.427882736694,60 to 64,65 to 69,20140.95155986946,21875.050010781142,63.93,62.58,65.28,63.93399127754787,62.5839908281541,65.28261732276127
overall,Japan,Male,Overall,2005,20811.69781556395,20343.491077959192,21279.427882736694,60 to 64,65 to 69,20024.29963059121,21905.41629888237,64.09,62.85,65.34,64.09290098335056,62.84840949194805,65.3361254867984
overall,Japan,Male,Overall,2006,20811.69781556395,20343.491077959192,21279.427882736694,60 to 64,65 to 69,20100.38610117644,21683.26181215059,64.25,62.77,65.72,64.24689692771187,62.76792187503193,65.72436627015597
overall,Japan,Male,Overall,2007,20811.69781556395,20343.491077959192,21279.427882736694,60 to 64,65 to 69,19950.01937150987,21745.571133067213,64.40,63.10,65.70,64.39948093533856,63.09568466605511,65.70194983984696
overall,Japan,Male,Overall,2008,20811.69781556395,20343.491077959192,21279.427882736694,60 to 64,65 to 69,19885.74250047735,21765.14522864327,64.46,63.22,65.71,64.46342974076191,63.21780332289012,65.70778801523669
overall,Japan,Male,Overall,2009,20811.69781556395,20343.491077959192,21279.427882736694,60 to 64,65 to 69,19766.633195966657,21582.90023155886,64.88,63.59,66.16,64.87695751538139,63.58803157985094,66.16457122527906
overall,Japan,Male,Overall,2010,20811.69781556395,20343.491077959192,21279.427882736694,60 to 64,65 to 69,19730.157678040796,21559.953532884418,64.96,63.68,66.23,64.9553573822463,63.675961278125236,66.23345096283515
overall,Japan,Male,Overall,2011,20811.69781556395,20343.491077959192,21279.427882736694,60 to 64,65 to 69,19724.319841832836,21538.679112007467,65.00,63.71,66.29,64.99658946165182,63.706308244195654,66.28555707369406
overall,Japan,Male,Overall,2012,20811.69781556395,20343.491077959192,21279.427882736694,60 to 64,65 to 69,19622.668042922563,21427.692612846055,65.29,64.00,66.59,65.2936664476866,63.996712529700304,66.58929996693716
overall,Japan,Male,Overall,2013,20811.69781556395,20343.491077959192,21279.427882736694,60 to 64,65 to 69,19608.60682244166,21211.434859543435,65.75,64.29,67.21,65.7530257933899,64.29246131995029,67.21210329997784
overall,Japan,Male,Overall,2014,20811.69781556395,20343.491077959192,21279.427882736694,60 to 64,65 to 69,19572.942166491015,21297.9331215974,65.59,64.23,66.95,65.59061491135917,64.23348681680669,66.94636134524089
overall,Japan,Male,Overall,2015,20811.69781556395,20343.491077959192,21279.427882736694,60 to 64,65 to 69,19454.78080617634,21268.299671543467,65.74,64.45,67.03,65.74111633272952,64.45023718460999,67.03068126669577
overall,Japan,Male,Overall,2016,20811.69781556395,20343.491077959192,21279.427882736694,60 to 64,65 to 69,19484.157558856423,21152.743169845093,65.98,64.58,67.38,65.97804058708422,64.5750357471727,67.3796170602734
overall,Japan,Male,Overall,2017,20811.69781556395,20343.491077959192,21279.427882736694,60 to 64,65 to 69,19257.378903892048,21177.390856268543,66.05,64.83,67.27,66.04768030154199,64.82839951262493,67.26571976893648
overall,Japan,Male,Overall,2018,20811.69781556395,20343.491077959192,21279.427882736694,60 to 64,65 to 69,19324.238941046337,21021.916697388537,66.38,65.00,67.76,66.38086341462846,65.00190107664757,67.75842186300122
overall,Japan,Male,Overall,2019,20811.69781556395,20343.491077959192,21279.427882736694,60 to 64,65 to 69,19247.313747543827,21012.640187910103,66.43,65.10,67.76,66.4308634149714,65.10474398771234,67.75563275076546
overall,Japan,Male,Overall,2020,20811.69781556395,20343.491077959192,21279.427882736694,60 to 64,65 to 69,19114.36742187439,21026.875940151844,66.44,65.21,67.66,66.4374453171542,65.21338086690417,67.66026357574688
overall,Japan,Male,Overall,2021,20811.69781556395,20343.491077959192,21279.427882736694,60 to 64,65 to 69,19142.88462339107,20878.07890485067,66.81,65.46,68.16,66.80872144982267,65.45957356878274,68.1564957946623
overall,Zimbabwe,Both,Overall,1990,20811.69781556395,20343.491077959192,21279.427882736694,50 to 54,55 to 59,20729.235417877237,22582.606111599664,52.22,50.96,53.48,52.22246601277884,50.959343802012725,53.48430226808652
overall,Zimbabwe,Both,Overall,1991,20811.69781556395,20343.491077959192,21279.427882736694,50 to 54,55 to 59,20764.015282656048,22393.768881078413,52.15,50.71,53.58,52.146287552161446,50.70985342476332,53.58125927925417
overall,Zimbabwe,Both,Overall,1992,20811.69781556395,20343.491077959192,21279.427882736694,50 to 54,55 to 59,20658.063085963633,22405.869141308085,52.44,51.10,53.78,52.43950737305931,51.10009463852542,53.77755648252004
overall,Zimbabwe,Both,Overall,1993,20811.69781556395,20343.491077959192,21279.427882736694,50 to 54,55 to 59,20538.288567740605,22363.749328854472,52.75,51.47,54.03,52.74887736194482,51.46644295530474,54.03000615182727
overall,Zimbabwe,Both,Overall,1994,20811.69781556395,20343.491077959192,21279.427882736694,50 to 54,55 to 59,20502.900902304413,22305.919005722757,52.86,51.56,54.15,52.85633336868357,51.557936151492335,54.1534087177496
overall,Zimbabwe,Both,Overall,1995,20811.69781556395,20343.491077959192,21279.427882736694,50 to 54,55 to 59,20382.91968828436,22130.69126375673,53.23,51.89,54.56,53.22664235217267,51.887203193831226,54.56471785853948
overall,Zimbabwe,Both,Overall,1996,20811.69781556395,20343.491077959192,21279.427882736694,50 to 54,55 to 59,20446.952508124887,22175.9688711404,53.05,51.70,54.41,53.05477691027436,51.700808412289256,54.407366964300785
overall,Zimbabwe,Both,Overall,1997,20811.69781556395,20343.491077959192,21279.427882736694,50 to 54,55 to 59,20367.298500011733,22147.075214206037,53.25,51.93,54.56,53.24846929395128,51.93311682903066,54.5624826290018
overall,Zimbabwe,Both,Overall,1998,20811.69781556395,20343.491077959192,21279.427882736694,50 to 54,55 to 59,20288.71503406688,22062.420841150455,53.47,52.15,54.79,53.47426585459792,52.154411299984346,54.79277669586818
overall,Zimbabwe,Both,Overall,1999,20811.69781556395,20343.491077959192,21279.427882736694,50 to 54,55 to 59,20228.54579256689,22010.182405824427,53.64,52.32,54.95,53.63656274982705,52.32258341722709,54.94920435051112
overall,Zimbabwe,Both,Overall,2000,20811.69781556395,20343.491077959192,21279.427882736694,50 to 54,55 to 59,20155.57954535174,21926.60436248159,53.85,52.53,55.17,53.85236893313423,52.53051637331651,55.172875745485825
overall,Zimbabwe,Both,Overall,2001,20811.69781556395,20343.491077959192,21279.427882736694,50 to 54,55 to 59,20102.46832670374,21883.348628740947,53.99,52.68,55.30,53.991232897710475,52.6766955392222,55.30443195616963
overall,Zimbabwe,Both,Overall,2002,20811.69781556395,20343.491077959192,21279.427882736694,50 to 54,55 to 59,19999.71567217558,21834.818516404695,54.21,52.94,55.49,54.212361410538456,52.93666523068364,55.48675883366823
overall,Zimbabwe,Both,Overall,2003,20811.69781556395,20343.491077959192,21279.427882736694,50 to 54,55 to 59,19979.958814433743,21701.74777652411,54.42,53.06,55.77,54.41533375879127,53.0556818272435,55.77360146020831
overall,Zimbabwe,Both,Overall,2004,20811.69781556395,20343.491077959192,21279.427882736694,50 to 54,55 to 59,19955.512574526827,21675.756012398226,54.49,53.13,55.85,54.4885583696705,53.12768488136901,55.84804638420263
overall,Zimbabwe,Both,Overall,2005,20811.69781556395,20343.491077959192,21279.427882736694,50 to 54,55 to 59,19844.21692105741,21661.692154377142,54.66,53.37,55.95,54.66160681799052,53.37353771800738,55.9483645646653
overall,Zimbabwe,Both,Overall,2006,20811.69781556395,20343.491077959192,21279.427882736694,50 to 54,55 to 59,19759.281583111388,21632.83921609597,54.81,53.56,56.06,54.80860383989379,53.55909133661706,56.056844243439976
overall,Zimbabwe,Both,Overall,2007,20811.69781556395,20343.491077959192,21279.427882736694,50 to 54,55 to 59,19664.15793572431,21501.12447076077,55.12,53.85,56.40,55.12346430365664,53.84906237886745,56.39656878937189
overall,Zimbabwe,Both,Overall,2008,20811.69781556395,20343.491077959192,21279.427882736694,50 to 54,55 to 59,19598.18175586158,21482.61547391558,55.22,53.98,56.46,55.21984277843302,53.97754188687324,56.460878912237064
overall,Zimbabwe,Both,Overall,2009,20811.69781556395,20343.491077959192,21279.427882736694,50 to 54,55 to 59,19646.38213315972,21445.724864433578,55.24,53.94,56.54,55.23817042231648,53.93712107394334,56.5378952024911
overall,Zimbabwe,Both,Overall,2010,20811.69781556395,20343.491077959192,21279.427882736694,50 to 54,55 to 59,19535.962709596264,21299.963179862418,55.62,54.29,56.94,55.61602824792673,54.288911998535596,56.94179339101133
overall,Zimbabwe,Both,Overall,2011,20811.69781556395,20343.491077959192,21279.427882736694,50 to 54,55 to 59,19501.09160880084,21249.368539767664,55.75,54.41,57.09,55.74827975919789,54.40922777803998,57.0859684825573
overall,Zimbabwe,Both,Overall,2012,20811.69781556395,20343.491077959192,21279.427882736694,50 to 54,55 to 59,19393.722312647205,21237.48175239243,55.85,54.58,57.11,55.845337608448226,54.57563092244623,57.1137516354901
overall,Zimbabwe,Both,Overall,2013,20811.69781556395,20343.491077959192,21279.427882736694,50 to 54,55 to 59,19393.455499273347,21164.100042900496,56.00,54.68,57.33,56.00487585550442,54.682739407254786,57.32566626726771
overall,Zimbabwe,Both,Overall,2014,20811.69781556395,20343.491077959192,21279.427882736694,50 to 54,55 to 59,19301.77608548303,21100.09774870202,56.20,54.90,57.50,56.19814141419552,54.896353343738,57.49860416437867
overall,Zimbabwe,Both,Overall,2015,20811.69781556395,20343.491077959192,21279.427882736694,50 to 54,55 to 59,19243.18495169469,21025.458272677668,56.40,55.09,57.71,56.40031516323259,55.08680524280543,57.71248782964151
overall,Zimbabwe,Both,Overall,2016,20811.69781556395,20343.491077959192,21279.427882736694,50 to 54,55 to 59,19111.801554907684,20936.532081221765,56.66,55.37,57.94,56.657937805452356,55.374990184275305,57.939579287379964
overall,Zimbabwe,Both,Overall,2017,20811.69781556395,20343.491077959192,21279.427882736694,50 to 54,55 to 59,19142.93154640887,20918.51331088984,56.70,55.38,58.02,56.69920986613333,55.38074977893587,58.01632765966245
overall,Zimbabwe,Both,Overall,2018,20811.69781556395,20343.491077959192,21279.427882736694,50 to 54,55 to 59,19059.671898614102,20917.22508754695,56.72,55.46,57.97,56.715950873946106,55.45567272849569,57.9749459594151
overall,Zimbabwe,Both,Overall,2019,20811.69781556395,20343.491077959192,21279.427882736694,55 to 59,60 to 64,20733.08635712303,22504.076418551227,57.22,55.90,58.54,57.22194212196066,55.90006362077026,58.542474849274626
overall,Zimbabwe,Both,Overall,2020,20811.69781556395,20343.491077959192,21279.427882736694,55 to 59,60 to 64,20793.593088700454,22493.737318503503,57.05,55.68,58.43,57.05324467932228,55.67628286220927,58.4288046435111
overall,Zimbabwe,Both,Overall,2021,20811.69781556395,20343.491077959192,21279.427882736694,55 to 59,60 to 64,20642.929939185527,22445.16667797384,57.47,56.17,58.77,57.46821783383434,56.169257693005264,58.76585553343869
overall,Zimbabwe,Female,Overall,1990,20811.69781556395,20343.491077959192,21279.427882736694,50 to 54,55 to 59,19421.152240986205,21278.38431262572,55.74,54.48,57.00,55.74359670988831,54.48310066107886,57.00280947687397
overall,Zimbabwe,Female,Overall,1991,20811.69781556395,20343.491077959192,21279.427882736694,50 to 54,55 to 59,19337.032812325117,21150.952921713357,56.06,54.77,57.35,56.06485653807592,54.774262935906016,57.35413621680027
overall,Zimbabwe,Female,Overall,1992,20811.69781556395,20343.491077959192,21279.427882736694,50 to 54,55 to 59,19236.53669474484,21150.18109976317,56.12,54.89,57.34,56.11560558661896,54.89226770739507,57.33769801389064
overall,Zimbabwe,Female,Overall,1993,20811.69781556395,20343.491077959192,21279.427882736694,50 to 54,55 to 59,19239.89497852235,21053.18588039658,56.33,55.04,57.62,56.33411659270163,55.04307515770403,57.62384364832545
overall,Zimbabwe,Female,Overall,1994,20811.69781556395,20343.491077959192,21279.427882736694,50 to 54,55 to 59,19130.26028244796,20958.552395361698,56.60,55.32,57.88,56.59838316109206,55.317934773502124,57.877527953844364
overall,Zimbabwe,Female,Overall,1995,20811.69781556395,20343.491077959192,21279.427882736694,50 to 54,55 to 59,19162.658841790988,20899.98947947659,56.75,55.40,58.09,56.745898500845364,55.39840963646753,58.09201551802936
overall,Zimbabwe,Female,Overall,1996,20811.69781556395,20343.491077959192,21279.427882736694,55 to 59,60 to 64,20794.91597980713,22539.918769146672,57.05,55.71,58.39,57.04808541241121,55.70652097347421,58.38828403567465
overall,Zimbabwe,Female,Overall,1997,20811.69781556395,20343.491077959192,21279.427882736694,55 to 59,60 to 64,20806.99589059199,22629.031668979445,57.01,55.73,58.30,57.012902943585786,55.72805787314723,58.29643994302576
overall,Zimbabwe,Female,Overall,1998,20811.69781556395,20343.491077959192,21279.427882736694,55 to 59,60 to 64,20755.519469526065,22532.325323071414,57.16,55.84,58.47,57.15808802612224,55.84053626133454,58.474298421983605
overall,Zimbabwe,Female,Overall,1999,20811.69781556395,20343.491077959192,21279.427882736694,55 to 59,60 to 64,20652.07698960752,22485.635118046797,57.44,56.16,58.71,57.43527615372712,56.15850523945211,58.710747217114886
overall,Zimbabwe,Female,Overall,2000,20811.69781556395,20343.491077959192,21279.427882736694,55 to 59,60 to 64,20677.79546045755,22371.078543526262,57.40,56.01,58.78,57.39539270322046,56.01285146635817,58.77652640688058
overall,Zimbabwe,Female,Overall,2001,20811.69781556395,20343.491077959192,21279.427882736694,55 to 59,60 to 64,20514.27841006908,22322.756921524902,57.82,56.53,59.12,57.82229178729762,56.527814870267925,59.11545082736889
overall,Zimbabwe,Female,Overall,2002,20811.69781556395,20343.491077959192,21279.427882736694,55 to 59,60 to 64,20509.90331150685,22326.995865016215,57.83,56.54,59.12,57.83043239452565,56.54209202710599,59.11746113246586
overall,Zimbabwe,Female,Overall,2003,20811.69781556395,20343.491077959192,21279.427882736694,55 to 59,60 to 64,20449.3115084075,22216.53112834011,58.03,56.70,59.35,58.025300712681855,56.70060192503877,59.34865085518021
overall,Zimbabwe,Female,Overall,2004,20811.69781556395,20343.491077959192,21279.427882736694,55 to 59,60 to 64,20331.19315514591,22135.87688750652,58.33,57.03,59.63,58.33127110252587,57.034072238234224,59.62714931870763
overall,Zimbabwe,Female,Overall,2005,20811.69781556395,20343.491077959192,21279.427882736694,55 to 59,60 to 64,20289.919500701653,22161.289609977404,58.39,57.14,59.64,58.394107750989555,57.1431346396739,59.643807275563454
overall,Zimbabwe,Female,Overall,2006,20811.69781556395,20343.491077959192,21279.427882736694,55 to 59,60 to 64,20232.49606555324,21934.53307499642,58.70,57.33,60.08,58.70149575713455,57.32606521418198,60.075526006117684
overall,Zimbabwe,Female,Overall,2007,20811.69781556395,20343.491077959192,21279.427882736694,55 to 59,60 to 64,20199.70088831873,22037.711146245696,58.66,57.39,59.94,58.664835450743006,57.391157201164475,59.93721699800456
overall,Zimbabwe,Female,Overall,2008,20811.69781556395,20343.491077959192,21279.427882736694,55 to 59,60 to 64,20165.0815796417,21922.237716290925,58.84,57.51,60.17,58.839950993641644,57.507665467502804,60.170880150753064
overall,Zimbabwe,Female,Overall,2009,20811.69781556395,20343.491077959192,21279.427882736694,55 to 59,60 to 64,20093.489561479335,21727.73476044428,59.20,57.76,60.63,59.19736993732488,57.76488374155297,60.62839775208909
overall,Zimbabwe,Female,Overall,2010,20811.69781556395,20343.491077959192,21279.427882736694,55 to 59,60 to 64,20015.72596858141,21820.177968668413,59.21,57.91,60.50,59.20557777913783,57.9082123252987,60.50162241526611
overall,Zimbabwe,Female,Overall,2011,20811.69781556395,20343.491077959192,21279.427882736694,55 to 59,60 to 64,19917.961973584905,21841.764508139677,59.32,58.11,60.54,59.322836741105256,58.105958373406466,60.53847623313085
overall,Zimbabwe,Female,Overall,2012,20811.69781556395,20343.491077959192,21279.427882736694,55 to 59,60 to 64,19885.0969324198,21668.319537237363,59.60,58.29,60.91,59.59810771981255,58.28529703554955,60.909581861933454
overall,Zimbabwe,Female,Overall,2013,20811.69781556395,20343.491077959192,21279.427882736694,55 to 59,60 to 64,19811.674670141612,21548.605735326462,59.88,58.53,61.23,59.8787070640478,58.53090821644376,61.22513374887126
overall,Zimbabwe,Female,Overall,2014,20811.69781556395,20343.491077959192,21279.427882736694,55 to 59,60 to 64,19646.995852842854,21483.037745685964,60.17,58.90,61.45,60.17177393190511,58.89673021032711,61.44551956101073
overall,Zimbabwe,Female,Overall,2015,20811.69781556395,20343.491077959192,21279.427882736694,55 to 59,60 to 64,19688.841725749375,21491.863687531095,60.11,58.82,61.41,60.113817007267585,58.81542256857177,61.41088958066691
overall,Zimbabwe,Female,Overall,2016,20811.69781556395,20343.491077959192,21279.427882736694,55 to 59,60 to 64,19669.896028422227,21459.035794055217,60.19,58.88,61.50,60.19092395427744,58.88245508393429,61.49806070277864
overall,Zimbabwe,Female,Overall,2017,20811.69781556395,20343.491077959192,21279.427882736694,55 to 59,60 to 64,19582.84440519261,21353.71084202038,60.47,59.15,61.79,60.46963888641043,59.147668104572475,61.79026380042316
overall,Zimbabwe,Female,Overall,2018,20811.69781556395,20343.491077959192,21279.427882736694,55 to 59,60 to 64,19460.638568331007,21288.544123483047,60.70,59.41,61.98,60.69564839776574,59.414929226348214,61.97506369866687
overall,Zimbabwe,Female,Overall,2019,20811.69781556395,20343.491077959192,21279.427882736694,55 to 59,60 to 64,19485.83907898014,21320.992566990575,60.61,59.34,61.89,60.61239194771994,59.33673097259256,61.88675420196339
overall,Zimbabwe,Female,Overall,2020,20811.69781556395,20343.491077959192,21279.427882736694,55 to 59,60 to 64,19446.081509029984,21271.85941176426,60.74,59.46,62.02,60.739820447188094,59.45760880221316,62.0207267021939
overall,Zimbabwe,Female,Overall,2021,20811.69781556395,20343.491077959192,21279.427882736694,55 to 59,60 to 64,19368.62891798954,21176.806245165884,60.99,59.70,62.28,60.99039650560134,59.69570397028482,62.28377094444344
overall,Zimbabwe,Male,Overall,1990,20811.69781556395,20343.491077959192,21279.427882736694,45 to 49,50 to 54,20291.076136565334,22018.523585433864,48.51,47.15,49.86,48.50691032407273,47.15171211555,49.86072883669696
overall,Zimbabwe,Male,Overall,1991,20811.69781556395,20343.491077959192,21279.427882736694,45 to 49,50 to 54,20264.22120026512,22100.13388852845,48.49,47.22,49.76,48.491020294153294,47.21588683982858,49.764855564650794
overall,Zimbabwe,Male,Overall,1992,20811.69781556395,20343.491077959192,21279.427882736694,45 to 49,50 to 54,20166.230835421615,21948.953707950768,48.81,47.50,50.12,48.810340210721066,47.49716151979948,50.12218198484149
overall,Zimbabwe,Male,Overall,1993,20811.69781556395,20343.491077959192,21279.427882736694,45 to 49,50 to 54,20105.596311595345,21861.561159811612,49.01,47.68,50.34,49.010579837876236,47.67739045746133,50.34241192907063
overall,Zimbabwe,Male,Overall,1994,20811.69781556395,20343.491077959192,21279.427882736694,45 to 49,50 to 54,20017.963177975256,21850.85839806234,49.17,47.89,50.44,49.165248261029845,47.88801557343924,50.44118062761248
overall,Zimbabwe,Male,Overall,1995,20811.69781556395,20343.491077959192,21279.427882736694,45 to 49,50 to 54,20017.420269150098,21871.043603202896,49.14,47.88,50.40,49.14249985911979,47.879549806098325,50.40416413195263
overall,Zimbabwe,Male,Overall,1996,20811.69781556395,20343.491077959192,21279.427882736694,45 to 49,50 to 54,19958.852546322996,21736.67473316896,49.40,48.08,50.71,49.398567403284545,48.08176884753189,50.71402535693554
overall,Zimbabwe,Male,Overall,1997,20811.69781556395,20343.491077959192,21279.427882736694,45 to 49,50 to 54,19784.341343536013,21578.917991986007,49.86,48.56,51.17,49.86239228877542,48.55788758007669,51.16556891145333
overall,Zimbabwe,Male,Overall,1998,20811.69781556395,20343.491077959192,21279.427882736694,45 to 49,50 to 54,19832.986018325704,21625.519891834232,49.73,48.42,51.03,49.72996737105618,48.42397604636133,51.03462909624092
overall,Zimbabwe,Male,Overall,1999,20811.69781556395,20343.491077959192,21279.427882736694,45 to 49,50 to 54,19685.35150612844,21505.00265468206,50.09,48.81,51.38,50.094951222740704,48.808422379074926,51.380170281197394
overall,Zimbabwe,Male,Overall,2000,20811.69781556395,20343.491077959192,21279.427882736694,45 to 49,50 to 54,19640.046856624584,21394.77080174946,50.34,49.00,51.67,50.33856206326514,49.00442987995057,51.671335997513395
overall,Zimbabwe,Male,Overall,2001,20811.69781556395,20343.491077959192,21279.427882736694,45 to 49,50 to 54,19716.620046804805,21432.75759982779,50.19,48.83,51.55,50.19053028945775,48.826400890913874,51.553270899465474
overall,Zimbabwe,Male,Overall,2002,20811.69781556395,20343.491077959192,21279.427882736694,45 to 49,50 to 54,19553.287212686624,21362.11138815622,50.48,49.18,51.77,50.47853213137929,49.184302587252354,51.771444050392404
overall,Zimbabwe,Male,Overall,2003,20811.69781556395,20343.491077959192,21279.427882736694,45 to 49,50 to 54,19521.066592284067,21286.603643299124,50.66,49.33,51.98,50.65506694560124,49.329105710928836,51.97967824986085
overall,Zimbabwe,Male,Overall,2004,20811.69781556395,20343.491077959192,21279.427882736694,45 to 49,50 to 54,19493.416187188617,21237.321698645577,50.78,49.44,52.12,50.77968192575401,49.43727336482919,52.12072381162423
overall,Zimbabwe,Male,Overall,2005,20811.69781556395,20343.491077959192,21279.427882736694,45 to 49,50 to 54,19380.84811090679,21172.366961998607,50.99,49.69,52.30,50.99339840545119,49.6866671440988,52.2987993139811
overall,Zimbabwe,Male,Overall,2006,20811.69781556395,20343.491077959192,21279.427882736694,45 to 49,50 to 54,19348.68860908667,21159.181676179334,51.04,49.75,52.33,51.04036125039302,49.74732471212939,52.33208137811445
overall,Zimbabwe,Male,Overall,2007,20811.69781556395,20343.491077959192,21279.427882736694,45 to 49,50 to 54,19324.917593656828,21046.09883809831,51.32,49.96,52.68,51.31906932145771,49.95893732165577,52.67781660238256
overall,Zimbabwe,Male,Overall,2008,20811.69781556395,20343.491077959192,21279.427882736694,45 to 49,50 to 54,19238.868147400808,21009.15064012346,51.44,50.12,52.76,51.44231266656253,50.11990582039678,52.76337320095607
overall,Zimbabwe,Male,Overall,2009,20811.69781556395,20343.491077959192,21279.427882736694,45 to 49,50 to 54,19186.847767368305,20886.731829786913,51.78,50.40,53.16,51.779296671220614,50.40212410999726,53.15506716496609
overall,Zimbabwe,Male,Overall,2010,20811.69781556395,20343.491077959192,21279.427882736694,45 to 49,50 to 54,19142.643160691732,20830.52742600167,51.94,50.56,53.33,51.944221263197036,50.55725786994926,53.329772621147676
overall,Zimbabwe,Male,Overall,2011,20811.69781556395,20343.491077959192,21279.427882736694,45 to 49,50 to 54,19043.24661918354,20812.216181147174,52.00,50.68,53.32,51.998534837471574,50.6751464997858,53.32057586415137
overall,Zimbabwe,Male,Overall,2012,20811.69781556395,20343.491077959192,21279.427882736694,50 to 54,55 to 59,20736.97820140861,22517.01623943382,52.21,50.89,53.52,52.20988207150404,50.89472271085298,53.52370249887998
overall,Zimbabwe,Male,Overall,2013,20811.69781556395,20343.491077959192,21279.427882736694,50 to 54,55 to 59,20696.6297837665,22430.375585252754,52.33,50.98,53.68,52.33184804744389,50.98157300365319,53.68074840749604
overall,Zimbabwe,Male,Overall,2014,20811.69781556395,20343.491077959192,21279.427882736694,50 to 54,55 to 59,20625.87228556272,22459.528642763667,52.51,51.23,53.78,52.506707620736776,51.230005102933845,53.78211035728532
overall,Zimbabwe,Male,Overall,2015,20811.69781556395,20343.491077959192,21279.427882736694,50 to 54,55 to 59,20521.785545333656,22388.826153694372,52.78,51.52,54.03,52.77639519175976,51.5225211851953,54.02899265824823
overall,Zimbabwe,Male,Overall,2016,20811.69781556395,20343.491077959192,21279.427882736694,50 to 54,55 to 59,20577.328582248803,22219.693692491714,52.71,51.29,54.14,52.713511361917824,51.288107428636785,54.137464124478534
overall,Zimbabwe,Male,Overall,2017,20811.69781556395,20343.491077959192,21279.427882736694,50 to 54,55 to 59,20477.644615461977,22238.048694951103,52.95,51.62,54.28,52.94879693814081,51.61896947676434,54.277270532988645
overall,Zimbabwe,Male,Overall,2018,20811.69781556395,20343.491077959192,21279.427882736694,50 to 54,55 to 59,20442.88085402945,22135.79890974848,53.09,51.71,54.47,53.08929360251243,51.70645426181587,54.47072510651421
overall,Zimbabwe,Male,Overall,2019,20811.69781556395,20343.491077959192,21279.427882736694,50 to 54,55 to 59,20370.043430348665,22103.55559180697,53.27,51.92,54.62,53.273871608849134,51.9234145771232,54.62295377155882
overall,Zimbabwe,Male,Overall,2020,20811.69781556395,20343.491077959192,21279.427882736694,50 to 54,55 to 59,20161.570583483383,22027.374226918146,53.74,52.49,55.00,53.7422177150532,52.487512432286046,54.99564561144131
overall,Zimbabwe,Male,Overall,2021,20811.69781556395,20343.491077959192,21279.427882736694,50 to 54,55 to 59,20269.684918983698,21985.964164416393,53.58,52.22,54.94,53.579034699693075,52.21501792080719,54.941662804698275
